customer_id,customer_name,email,phone,address,loyalty_points
C0001,Melissa Moore,traceyhubbard@yahoo.com,(972)757-2747,"43395 Maria Center
East Nancyton, NM 12500",255
C0002,Jerome Page,caitlinpowell@yahoo.com,830-584-6891x42822,"623 Shawn Flats Apt. 899
Carrollfort, MT 80417",177
C0003,Shelly Johnson,davidanderson@thornton-moran.com,530-077-1980,"92592 Huang View
Daniellechester, MT 38552",134
C0004,Latoya Barton,wherring@hess.com,(792)941-4527,"683 Miller Spur Suite 805
Kimberlymouth, SC 94401",393
C0005,Carol Brown,mark44@walls.info,(051)191-4495x207,"810 Jacqueline Views Apt. 431
New Jamesport, KS 11570",231
C0006,Jill Dyer,chengregory@johnson.com,(631)647-6762x6363,"23162 Jones Turnpike
South Kimberly, NC 29740",298
C0007,Lindsey Smith,zcarr@boyd-mckinney.com,127-554-7532x725,"79532 Kevin Parkways Apt. 636
Matthewsfurt, OH 00922",324
C0008,Gabriel Monroe,stephenslori@yahoo.com,721.899.7521,"21813 Paul Ford Apt. 632
South Christina, MI 21150",56
C0009,Rodney Mccann,garciacathy@hayes.com,+1-524-511-6554x50342,"6533 Robert Road Apt. 643
Port Bobby, MA 87992",337
C0010,Joshua Mccarty,sara22@morgan.com,(827)318-4106,"3720 Anna Fords
Stevenchester, NC 17279",479
C0011,Sara Anderson,sbrewer@robles-buck.org,001-167-722-0121x6914,"920 Richard Circle Apt. 963
Smithfurt, ND 16767",224
C0012,Travis Butler,samantha16@alexander.org,991-346-2874,"7072 Tricia Ridges
Stephenton, ID 77589",486
C0013,Adrian Fischer,anna76@gmail.com,001-526-422-1385x71586,"64315 Matthew Neck
Kelleybury, CA 64013",203
C0014,Miss Lisa Lee,mlang@brown-davis.com,702-527-3312x7615,"3033 Lynch Expressway
South Katelynfurt, HI 04244",140
C0015,Christina Turner,thompsonchristina@hotmail.com,001-315-233-9857x59784,"PSC 1179, Box 1136
APO AA 36455",419
C0016,Catherine Alvarez,stephen87@miller-williams.biz,001-409-924-3881x47210,"851 Wise Brooks Suite 006
Adamshire, HI 32513",234
C0017,Lori Johnson,wongcody@gmail.com,888.998.6659x535,"992 Mcdaniel Village
Taylorview, HI 92278",185
C0018,Rebecca Wilson,stephanie70@gmail.com,280.720.1802x1054,"14775 Douglas Keys
North Rose, HI 75768",246
C0019,Matthew Roth,smithmatthew@hotmail.com,+1-310-325-6895x63609,"9164 Morales Lane Suite 538
Ebonyfort, VA 26285",6
C0020,Ashley Moore,gregmccall@frazier.com,001-390-706-2319x2544,"2997 Barr Gardens Apt. 284
Port Richard, RI 87901",146
C0021,Amanda Harris,obenjamin@sanders.com,001-758-675-4847x85656,"95585 Jennifer Well Apt. 408
West Jennifer, IL 82065",49
C0022,Ernest Richardson,michaelmartin@ford-walter.com,001-403-746-6227x32931,"5865 Beck Lodge
Loriside, CT 37035",223
C0023,Sarah Mathis,martinbrandy@hotmail.com,882-927-1736x210,"2878 Jonathan Estates Apt. 458
West Williamtown, MN 63544",132
C0024,Lisa Simpson,zoesmith@yahoo.com,011.922.9355x11672,"3400 Ryan Springs
Michelletown, WI 80213",375
C0025,Judy Graham,williamssara@carr.biz,983-939-9794x12613,"77426 Jeff Manors Apt. 141
Lauraberg, DE 15273",418
C0026,Cassandra Bennett,rgraham@dawson-nielsen.com,001-224-452-7581x160,"38518 Diane Tunnel
Kimberlyborough, ID 36508",417
C0027,Charles Nelson,ajones@hopkins.biz,3563569151,"97319 Holloway Alley
Elizabethborough, ND 85536",163
C0028,Jacob Davis,zjames@brewer.org,974.360.5521x8470,"985 Richard Dam Suite 882
Jonesfort, NJ 98725",280
C0029,Amanda Nelson,whitney85@johnson.com,+1-228-957-1647x406,"07401 Laura Views Suite 697
East Michelleton, MS 34555",23
C0030,Kevin Ward,carrmichelle@yahoo.com,7124549277,"52151 Kerr Locks Apt. 592
Wagnerview, GA 74436",103
C0031,Beverly Wilson PhD,thomasphilip@simon-bray.biz,9526042921,"1534 Jackson Road
New Alejandra, HI 64024",489
C0032,Elizabeth Vincent,kmunoz@peterson.com,(878)265-2859x21131,"8598 Jason Circles Suite 676
Johnsonmouth, GA 34870",402
C0033,Elizabeth Houston,mahoneymichael@hotmail.com,730.654.5947,"271 Morrow Views
New Danielle, MD 18430",22
C0034,Brian Hoffman,wmccoy@gmail.com,047.637.0896x53954,"166 Rivera Port Suite 671
South Timothy, WV 28585",198
C0035,Mr. Robert Burnett,gregory95@james-williams.net,(243)156-2449,"529 Brenda Point
Walkerside, NJ 83632",243
C0036,Brian Jimenez,flemingjoseph@hotmail.com,(601)266-1193,"PSC 0984, Box 4810
APO AA 36742",182
C0037,George Mcdaniel,dennis19@martin-jordan.biz,+1-135-789-1229,"0877 Rios Mountains Suite 849
North Christopherborough, KY 84570",494
C0038,Christopher Cunningham,mayjasmine@gmail.com,001-907-438-0710,"828 Perez Passage Apt. 050
West Richard, FL 88331",161
C0039,Wendy Miller,garyclark@gmail.com,+1-093-273-8499x1258,"PSC 5914, Box 2667
APO AA 42933",419
C0040,Christina Walker,lorikelly@fitzgerald.com,9548394096,"55929 Newton Isle
Meganside, MT 19238",184
C0041,Brent Hawkins,rachel58@yahoo.com,(154)514-9250x096,"463 Stacey Pike
Walkertown, AL 38824",22
C0042,Thomas Kramer,vrollins@torres.com,6369740297,"93855 Buchanan Passage
Andrewberg, WY 09541",344
C0043,Claudia Miller,ahunt@yahoo.com,+1-100-126-6923,"USNV Walter
FPO AP 96526",318
C0044,Zachary Richards,dylansilva@bush.com,+1-810-066-4260x5683,"9390 Gardner Meadow
Mcdanielmouth, DE 69531",68
C0045,Corey Wilson,haley92@miller-johnson.com,593.067.8035x72933,"151 Crosby Pines Suite 618
East Robertfurt, AZ 08039",125
C0046,Sarah Johnson,rflores@yahoo.com,3145542296,"2749 Delgado Island
Denisestad, NM 05301",451
C0047,Nicole Harris,elizabeth32@hotmail.com,061-972-6366x287,"5305 Chelsea Pines Apt. 364
North Robert, RI 49361",321
C0048,David Davidson DVM,anthonyday@johns.biz,+1-509-833-8673x918,"643 Cooper Rest
Nicholasshire, VA 15309",9
C0049,Loretta Garcia,zerickson@smith-taylor.biz,224-051-2989,"37583 Theresa Terrace
Rubioville, FL 96631",411
C0050,Isaiah Wilcox,ycunningham@schneider.com,(864)052-0837,"09986 Nicholas Well Apt. 475
Melissachester, CA 55505",294
C0051,Kyle Freeman,nwilliams@adams.info,+1-946-039-4351x47540,"06497 Hays Spur Suite 592
Kylemouth, NC 27350",277
C0052,Margaret Henderson,obaker@hotmail.com,154-353-3336x184,"41258 Pennington Canyon Apt. 634
Lake Brittanytown, SC 42280",309
C0053,Meghan Barron,kevinlynch@gmail.com,+1-256-080-8614x38411,"318 Williams Loaf
Johnside, MI 73619",178
C0054,Yvette Reid,riverstimothy@hotmail.com,685.221.4427x43893,"862 Molina Brook
Johnland, NV 39163",151
C0055,Kimberly Velazquez,bakerjerry@gmail.com,735-645-1275,"60903 Dustin Flats Suite 651
Lake Johnland, HI 24022",496
C0056,Michael Burgess,michaeldavis@hotmail.com,217.675.9472x40617,"789 Ryan Passage
New Jennifer, KY 67986",356
C0057,Frank Warren,brendagonzalez@atkins.org,001-211-634-1694,"061 Flynn Plains
Port Brandonburgh, IA 47540",484
C0058,Lindsey Moore,velazquezanita@yahoo.com,+1-090-668-5332,"8393 Davis Spring
North Coreymouth, MS 82835",409
C0059,Edward Mccarthy,allentyler@hill-smith.com,+1-118-924-5783x6299,"5027 Amy Dale Suite 507
Carrstad, NH 31879",15
C0060,Robert Black,jonesashley@gmail.com,(520)521-8593,"938 John Ways
New Gregorymouth, WI 88890",132
C0061,Andrea Anderson,jvalencia@gmail.com,817-897-4591,"70020 Taylor Mews
Port Nicole, IL 22092",295
C0062,Peter West,juliacastillo@yahoo.com,064.853.9541,"12803 Deleon Street
Bensontown, NH 69021",153
C0063,Rebecca Melton,xsalazar@gmail.com,201.745.4705x535,"2731 Steven Islands
Boonefurt, MS 80386",189
C0064,Jacob Reyes,vincent73@hotmail.com,001-556-306-9846x9081,"2684 Sharon Mall Apt. 508
Phillipsfurt, NV 83671",312
C0065,Amanda Davis,ryan56@hotmail.com,062-120-8435x39136,"830 Hall Gateway Suite 466
Juantown, DC 80730",246
C0066,Kelly Greene,castillokelly@yahoo.com,401-746-3270x20290,"0987 Andres Stravenue Apt. 391
East Roger, SD 95422",40
C0067,Jeffery Fischer,sarah25@perez-becker.biz,503-374-4958,"349 Carter Drive
Jeremychester, IA 89320",74
C0068,Steven Butler,kwhitney@hotmail.com,798-032-3312x10981,"9534 Melissa Summit
New Carrieland, KY 71175",469
C0069,Sarah Compton,fshaw@edwards.com,001-967-760-9858,"Unit 0566 Box 7856
DPO AP 95548",385
C0070,Cynthia Hancock,ostewart@joyce-johnston.com,294.846.9807,"459 Smith Villages Apt. 516
Nicolefort, NJ 92682",410
C0071,Stephen Yang,bakerjessica@gmail.com,001-936-484-1594,"06931 Nicole Tunnel
West Joshua, VA 34342",72
C0072,Kelly Cook,lauradiaz@benton.biz,001-847-719-4516x501,"239 Levy Isle
South Darryl, KS 27055",92
C0073,Dennis Bryan DDS,darrenjacobs@miller.com,001-591-839-0004x718,"USCGC Williams
FPO AA 08516",251
C0074,James Martin,ljones@perez.biz,+1-073-484-4369x77450,"50278 Gregory Parkways Apt. 223
Molinaton, ND 04240",296
C0075,Cynthia Blair,grahampatrick@gmail.com,001-999-415-1267x45493,"USNV Alvarado
FPO AA 06435",256
C0076,Tom Olson,aguilarjane@yahoo.com,001-287-747-1128x045,"344 Jeffrey Oval
Port John, MI 82557",15
C0077,Steve Guzman,caitlindavis@gmail.com,506-524-7088x45495,"Unit 0075 Box 8600
DPO AP 02568",361
C0078,Michael Patrick,andrew29@taylor.com,507-925-9447,"USS Allen
FPO AP 73104",157
C0079,Andrew Owens,hromero@garcia.info,7235310676,"Unit 8303 Box 7020
DPO AE 59852",196
C0080,Brian Osborne,spencermorgan@yahoo.com,+1-905-007-4327x1680,"58697 John Grove Suite 762
Stephanieport, PA 34821",79
C0081,Kyle Anderson,gmiller@yahoo.com,120-046-8941x579,"70165 Tyler Station
Shannonfort, KY 74441",171
C0082,Michael Banks,ewright@johnson-cummings.com,453-083-7806x50831,"98448 Stephanie Walk
South Tammyhaven, CA 46094",386
C0083,Richard Waters,pwalker@yahoo.com,+1-308-523-9787,"6776 Thornton Mall Suite 128
Cochrantown, HI 52927",74
C0084,Antonio Haynes,cthomas@yahoo.com,(274)205-4543x60012,"50003 Harris Ford Apt. 399
West Andrea, MT 14054",381
C0085,Taylor Santos,jgreene@hotmail.com,+1-592-008-2921x228,"269 Michael Fall Suite 500
Jasonshire, WV 23650",129
C0086,Michelle Phillips,kevinholmes@martinez.com,(660)545-9039,"733 Webb Ramp Suite 868
Robinview, NM 79640",470
C0087,Tina Hughes,mmyers@crawford-jackson.com,5551955163,"46863 Nicholas Well
Lake Emilyfort, IA 48082",182
C0088,Patrick Rosario,jenniferwhite@hotmail.com,(942)382-9281x599,"037 Crawford Harbor
Candiceland, AK 33949",230
C0089,Mrs. Shannon Forbes,cynthiawilliamson@hotmail.com,+1-919-254-7472,"89532 Conner Trafficway
West Malloryton, FL 16811",426
C0090,James Watson,fjohnson@bridges.com,(651)524-2571x5545,"7625 Boyle Place
West Mark, SD 31846",55
C0091,Herbert Chen,johnsawyer@walker.net,(633)297-9693,"1685 Jennifer Greens Suite 396
Christopherfort, WA 03854",59
C0092,Stephanie Williams,nicole57@hotmail.com,001-052-076-9106x49360,"194 Williams Via Apt. 963
Saraberg, NH 09622",114
C0093,Alexander Meyer,nathanbridges@kim.info,001-936-977-9666x042,"281 Clark Street
Michelleburgh, AL 91855",213
C0094,Sherri Hall,jeffreywilson@finley.info,(518)972-9632,"0381 Huffman Fall Apt. 770
Rodriguezview, OR 51186",386
C0095,Stacey Burton,janet06@miller.org,075-758-3490x724,"16340 Michael Pines
New Michelle, AZ 18565",156
C0096,Kelly Hunter,cynthiayu@hotmail.com,504.963.0396,"5392 Velasquez Common
Floresport, MD 74952",331
C0097,Brianna Snow,iparker@jones.com,(498)326-9757,"336 Schaefer Ranch
Lake Johnport, WA 57576",336
C0098,Bradley Garcia,xjensen@miller-johnson.com,+1-209-665-4247x469,"066 Bird Valley
Port Richardtown, OK 03158",13
C0099,Jason Moore,eric41@west.biz,732.770.6384,"8982 Davis Ville
New Brandonchester, IA 31462",481
C0100,Raven Jordan,jeremy94@gmail.com,001-614-422-3422x539,"13375 Padilla Keys
South Paulshire, MT 43374",349
C0101,Jonathan Shields,lesliesilva@brown-kaiser.info,001-201-249-4420,"36627 Beck Rue
South Lisaborough, AK 54862",21
C0102,David Gomez,paul01@yahoo.com,951-645-9884x188,"356 Stewart Fields
Port Nicholas, WI 77989",114
C0103,Michael Reed,nicolewilson@wright-soto.com,0569759316,"402 Cox Pass
Tinachester, NV 24476",482
C0104,Ronald Hall,coopernathaniel@hotmail.com,(194)852-0026x50558,"5305 Nicholas Glen
North Vickiview, NV 36671",2
C0105,Kyle Thomas,morganandrea@odonnell.com,001-968-119-8335,"81929 Tracey Place Apt. 902
Haleyville, WY 18913",126
C0106,Matthew Dennis,mauricecarney@hotmail.com,+1-862-010-5369x1635,"2487 Sanchez Way
West Jasonborough, NM 43424",155
C0107,Nicole Carter,kingdalton@gmail.com,124-323-6633,"243 Vance Hills
East Mark, CO 14569",247
C0108,Tasha Hall,yjohnson@reed.com,8463819554,"42040 Megan Inlet
Ebonychester, MT 18272",201
C0109,Jesse Woods,raymondlynch@gonzales.com,379.390.9146x10155,"675 Duncan Cove
Bensonchester, DE 57808",192
C0110,Deanna Johnson,stevenedwards@hill.com,941-349-1167,"2692 Lee Estates Apt. 335
Latashamouth, NY 78808",150
C0111,George Woodward,kyle50@carr.com,(532)320-9077,"6879 Julian Meadow Apt. 313
Deborahbury, AK 54981",433
C0112,Shawn Tran,tiffany88@grimes-davis.net,+1-836-339-1524,"PSC 9831, Box 4196
APO AP 93677",248
C0113,Kevin Miller,millertiffany@yahoo.com,773-747-3729,"1042 Crawford Forest
Michaelberg, SD 65674",456
C0114,Elizabeth Bennett,john64@johnson.com,965.646.2298,"54024 Crystal Pass
South Sarah, NV 84785",191
C0115,Calvin Walker,logan84@logan.net,139.594.0473x6349,"64991 Bell Corners Apt. 106
West Brittanyville, GA 43904",469
C0116,Cynthia White,carla66@aguilar-king.com,050-609-8000x69475,"Unit 8182 Box 5622
DPO AE 44832",19
C0117,Matthew Callahan,berickson@yahoo.com,+1-086-164-0500x5190,"47084 Cindy Route
East Jacksonshire, AK 17641",145
C0118,Jennifer Park,halllindsey@johnson-miller.com,+1-819-803-9964x1121,"8758 Webb Groves Apt. 631
West Monicafurt, MO 94019",209
C0119,Edwin Butler,susansmith@fox-martinez.com,(833)794-6308,"0582 Phillips Stream Apt. 202
Marioview, VT 30471",293
C0120,Leslie Evans,joseph67@hotmail.com,713.267.1331x26764,"520 Hernandez Groves Apt. 896
South Marymouth, TN 54764",204
C0121,David Chen,jennadickerson@harris-hernandez.com,+1-380-862-7920x469,"40392 Patricia Extension
South Pamela, RI 69897",375
C0122,Kendra Bennett,andreawright@white.biz,796.583.1488x3543,"Unit 2009 Box 2444
DPO AP 54012",16
C0123,Victor Valenzuela,katherineanderson@maldonado.com,644.655.3144x31368,"43880 Haynes Pines
New Marcusside, NV 63978",320
C0124,Jacob Farley,mtyler@jenkins.net,(536)734-8561,"973 Amy Plaza Apt. 900
Munozchester, NJ 27599",326
C0125,Cody Rodriguez,paulfox@gmail.com,001-771-218-4406,"9379 Ashley Harbors
Andersonport, UT 04520",475
C0126,Larry Moore,patelrachel@smith.com,(309)206-6566x0479,"8350 Raymond Motorway
Garciaport, KY 30555",499
C0127,Tanya Lopez,acraig@yahoo.com,001-010-298-3256,"3805 Everett Burgs
North Nathan, NM 97467",4
C0128,Christopher Chung,jessica29@gmail.com,(847)314-2933,"8570 Melissa Fall
Clarkfort, NE 39643",457
C0129,Joseph Kelly,gillbrian@steele.info,(007)448-0679,"PSC 0723, Box 7126
APO AP 14701",150
C0130,Angelica Fischer,alexander25@howard.com,001-202-086-5150x78346,"4481 Jennifer Manors Suite 325
North Josebury, CO 19544",401
C0131,Ronald Cole,mendozajessica@franklin.info,6772318818,"USNS Gordon
FPO AE 37477",269
C0132,Daniel Wilson,staylor@hotmail.com,865.439.0541,"691 Rose Plaza
Port Jenniferland, WV 15553",238
C0133,Elizabeth Lynch,melissa96@yahoo.com,001-992-170-7546x208,"999 Nicole Island Suite 078
Nathanton, WY 00973",85
C0134,Paul Davis,emily93@gmail.com,(263)498-9003,"43813 Seth Mall
North Williamburgh, WY 24647",450
C0135,Dr. Joshua Sullivan DDS,josephjackson@gmail.com,9547944855,"7331 Anderson Track
South Joshuaport, OH 35920",432
C0136,Devin Barnett,jonathon47@hotmail.com,(178)112-2563,"4856 Julie Village Apt. 712
Michaelchester, KY 95410",149
C0137,James Zamora,tammyellis@smith.com,+1-455-480-8161,"490 Meyer Mountains Apt. 603
Brandyview, VA 84236",220
C0138,Jill Francis,petersenjay@gmail.com,001-671-172-6268,"294 Marco Expressway Apt. 655
North Dylanstad, MI 56507",86
C0139,Seth Chambers,chelsea40@ewing.com,5644219785,"959 Thomas Coves
Andersonmouth, NJ 73640",383
C0140,Bradley Jones,phillipporter@yahoo.com,+1-380-378-6288x034,"65076 Catherine Village Suite 313
Lake Brianna, SC 96662",134
C0141,Joseph Wilson,perkinskimberly@hotmail.com,+1-340-854-6203,"457 Aaron Burgs Suite 469
South Jeffrey, CA 77535",217
C0142,Stephanie Gill,alexisschmidt@rodgers-harrell.biz,+1-437-400-6680x215,"064 Sullivan Lake Suite 991
Cookmouth, RI 23866",443
C0143,Scott Campbell,jack27@hernandez.com,(346)859-2153x06645,"17209 Michael Streets
Lake Kevinburgh, ND 96979",369
C0144,Joseph Clark,grahamcassandra@holland.biz,839.990.7334,"950 Michelle Crescent
South Timothyfurt, MI 36717",130
C0145,Tyler Stephens,cynthia93@hotmail.com,(273)013-6660,"43808 Pollard Avenue
North Charlesstad, NM 73181",415
C0146,Sue Ramirez,teresa54@rowland-lynch.com,(944)093-4761,"87257 Carl Way Suite 076
North Kelseyshire, CO 15269",320
C0147,Keith Taylor,elliskaren@gmail.com,+1-517-539-9015x734,"90106 Cooper Landing Suite 791
East Davidburgh, AL 65249",48
C0148,Bryan Morales,afranklin@hotmail.com,101-963-7378x6872,"026 David Place
Lake John, DE 87651",63
C0149,Justin Evans,rmiranda@hess.com,(087)165-2199,"95351 Anderson Fork
Lake Alicefort, OR 17655",371
C0150,Natalie Robinson,uphillips@cohen.com,793-760-2448x46907,"USNV Summers
FPO AE 67026",36
C0151,Jonathan Vasquez DVM,reidwilliam@hotmail.com,747-857-9143,"520 Heather Key Suite 349
Robertsmouth, AK 96013",64
C0152,Charles Simpson,williamsalexis@beasley.biz,001-675-727-5149x39284,"2430 Tate Stravenue Suite 015
Port Chelsea, IA 51501",295
C0153,Cindy Kelly,edwardslori@gmail.com,+1-120-898-7874x2065,"24142 Becky Way Suite 666
Port Anna, CO 95776",3
C0154,Willie Mathis,brandongutierrez@gmail.com,600-036-1067x9314,"4766 Powell Locks Apt. 014
Alexandramouth, MD 64751",349
C0155,Melissa Miller,uanderson@phillips.net,2790104272,"91630 Hall Courts
Barnesland, UT 02477",243
C0156,Tammy Foster,jjohns@pugh.com,338.007.7521,"89423 John Tunnel
North Michellebury, CA 03530",216
C0157,Brian Smith,qroberts@powell.com,9003640741,"6657 Christina Rest
Port Samanthachester, WV 86169",474
C0158,Martin Carter,fowlereric@wall.com,+1-215-583-8993,"194 Gregory Squares Apt. 631
Brownmouth, ME 89818",191
C0159,Brenda Berry,adam52@lane-brown.com,+1-848-322-5114,"031 Morse Forks
South Tammy, OK 55192",442
C0160,Jeffrey Moran,shannon77@fox.biz,(684)821-5612x06809,"179 Ebony Row Suite 901
South Heather, WV 34862",59
C0161,Gary Wong,ostone@gmail.com,953-000-0351x144,"2117 Keith Estates Apt. 623
South Edwardburgh, MN 75086",200
C0162,Brittany Fitzpatrick,eddie12@gmail.com,016.344.9912x815,"606 King Islands
East Michaelland, AZ 33122",362
C0163,Eugene Clark,hnewman@jones.info,(450)164-5402x753,"91819 Johnson Burgs Suite 615
Lake Melinda, NM 23353",5
C0164,Gregory Lucero,julie97@hotmail.com,165.812.2938,"284 Hall Lock
Martinezview, WA 85499",342
C0165,John Blair,kimberlyjohnson@yahoo.com,486-053-7993,"886 Salazar Courts
Lake Kelly, NV 77919",319
C0166,Jessica Harris,laura03@hotmail.com,817.359.5599x061,"3933 Reynolds Plains
West Ashley, RI 18676",291
C0167,Susan Johnson,brodriguez@sanchez.com,665-325-6684x33163,"05176 Taylor Bypass Suite 339
Lake Richard, SD 32218",302
C0168,Shelby Cox,dunlaphector@yahoo.com,(305)611-9890,"886 Fox Views
North Kristinebury, DE 26859",136
C0169,Megan Hall,aavila@gmail.com,(225)765-4456x272,"1988 Stephanie Isle
West Derrickshire, CA 67405",448
C0170,Brandon Melton,wnewton@lang.com,+1-726-855-1025x53145,"799 Jones Mountains Suite 301
Blackborough, OK 44105",414
C0171,Patricia Andrade,marissadominguez@hotmail.com,+1-017-893-0771x313,"PSC 7546, Box 7168
APO AP 33982",40
C0172,Anthony Terry,robinmann@hotmail.com,935.504.4059,"25757 Evans Causeway
Murphybury, AK 83787",368
C0173,Mariah Payne,ustewart@bradley-grimes.com,5261682778,"6231 Johnston Green
Meganburgh, MS 88855",362
C0174,Jessica Gibson,yyoung@yahoo.com,+1-505-017-7038x01616,"PSC 0921, Box 0703
APO AP 30014",72
C0175,John Rogers,jonathanallen@glenn.com,(799)496-0809,"6855 Carlos Inlet Apt. 035
Emilyberg, DE 98119",368
C0176,Anthony Bailey,marcthomas@yahoo.com,292.727.3080,"66607 James Fall
Port Angela, RI 84680",191
C0177,Adam Brown,englishsean@holt.com,776.475.9981x29077,"9686 Logan Junction Apt. 604
Norrisbury, DE 98738",492
C0178,Daniel Franklin,fernandezrebecca@price-hunt.com,463.005.6739x9083,"49873 Parker Fork Suite 309
Larryfort, LA 72622",337
C0179,Connie Lee,jessica03@gmail.com,001-532-488-2691,"1025 Elizabeth Course Apt. 469
Johnsonchester, VA 49321",196
C0180,Lisa Miller,gmiller@barker-barnes.com,001-463-195-6268x714,"57670 Diaz Crossing Suite 594
New Jeffrey, CA 25550",320
C0181,Joshua Barry,boyerdarin@gmail.com,(556)564-0375x31506,"76658 Troy Dam
Lake Aprilshire, UT 26312",401
C0182,Joseph Lee,kathryngilbert@hotmail.com,(396)365-1034x13413,"1681 Hall Estates Apt. 321
West Tammy, OH 13654",249
C0183,Sergio Reed,amy67@yahoo.com,(396)542-3870,"951 Raymond Club Apt. 079
East Stephanie, LA 78790",88
C0184,Danielle Daniel,barberwendy@davis.org,001-279-104-7438x82542,"1241 Shannon Stravenue Suite 795
Port Johnny, AL 57741",320
C0185,Jose Cruz,santanajimmy@gmail.com,(564)577-6297,"07785 Gordon Prairie
Watersview, WA 06080",186
C0186,Dr. David Torres,christopher96@anderson.org,466.705.7505,"27529 Gibson Union Apt. 272
Port Roymouth, ND 43511",472
C0187,Alexandra Simpson,kenneth29@taylor.com,571.184.4965x7157,"494 Anne Walk
Ellenport, NV 79270",258
C0188,Thomas Jenkins,dustin94@gmail.com,+1-680-685-0509x7896,"1221 Linda Loop
East Nicholasborough, NY 28540",352
C0189,Jeremiah Miller II,rachelbeck@gonzalez.com,048.839.8318,"621 Samantha Meadows
Port Larry, CT 60737",108
C0190,Brittany Henson,wgregory@hotmail.com,(180)455-0728x9099,"9600 William Place Apt. 255
North Tiffany, IL 35992",497
C0191,Lonnie Meyers,roachholly@hotmail.com,+1-647-498-3423x373,"51009 Joshua View
Ryanfort, FL 49438",206
C0192,Stacie Foster,adamthomas@gmail.com,453.952.1633,"82294 Earl Street
East Marthaburgh, UT 84847",108
C0193,Danielle Robinson,fmartinez@williams.com,+1-936-274-9114x300,"302 Nicole Springs Suite 097
South Danielside, AZ 49050",479
C0194,Diana Bell,elizabeth73@hotmail.com,(174)476-4385x891,"18722 Bryant Groves
Port Caitlinfurt, MA 25181",343
C0195,Ashley Lam DDS,craighenry@yahoo.com,+1-565-182-9799x6854,"3759 Sanders Drive Suite 333
Krystalton, WY 72820",88
C0196,Michelle Waters,justinlong@gmail.com,+1-221-214-0385,"49333 Debra Roads Apt. 102
Raymondville, IN 61911",279
C0197,Julia Walters,finleyrebekah@gmail.com,001-685-189-7038x6066,"84992 Young Village
Shawntown, AR 77492",131
C0198,Alan Mendez,qthomas@herrera.com,001-883-115-6843,"85766 Nelson Light Apt. 907
Lake Phillip, SD 39758",443
C0199,Carrie Perry,ymccann@hotmail.com,729.948.8751x0557,"926 Sarah Circle Suite 743
South Amyside, GA 46221",265
C0200,Shawn Osborn,marissa66@martinez.com,(840)172-7482,"7312 Ruth Manor
Port Trevor, MO 21859",185
C0201,Joseph Patterson,christina89@clark-harris.com,(913)827-0185,"0890 William Inlet
Andreafort, SC 76938",178
C0202,James Nelson,rmartinez@curry-jackson.com,001-565-316-7998x19997,"502 Harper Stravenue
Luishaven, TN 47406",310
C0203,Krystal Hall,codygray@clay.com,058-718-4195x0924,"578 Nancy Mews Apt. 556
Lake Meghanborough, SD 63647",60
C0204,Kimberly Campbell,travislee@palmer.com,+1-257-365-8055x97376,"8582 Stephanie Station Suite 517
South Kelsey, ID 09399",197
C0205,Stephanie Brown,qhancock@hotmail.com,001-956-673-2703,"USNS Velasquez
FPO AA 51845",105
C0206,Garrett Brooks,belltina@gmail.com,7021283116,"815 Emily Prairie
East Alexis, FL 24915",91
C0207,Mr. Chad Smith,scottholmes@petersen.com,802.621.6583,"909 Mark Islands
Huntshire, VA 68251",115
C0208,Holly Walters,rdavis@hotmail.com,+1-701-138-1181x91024,"426 Mcdowell Crest Apt. 425
Torreston, MS 96670",239
C0209,Sherri Moore,umurphy@hotmail.com,982.449.9935x427,"3819 Michael Falls
Christopherburgh, OR 84928",393
C0210,William Taylor,mendezmargaret@yahoo.com,(533)296-7609,"PSC 1118, Box 1936
APO AE 72360",34
C0211,Thomas Crawford,michelleortiz@vincent.com,(904)106-0234,"98585 Watkins Forks
Williamsland, NV 79071",405
C0212,Tracy Young,jocelyn21@morris.com,309-766-7341,"411 Elizabeth Fork
Lake Kimberlyville, ID 26651",382
C0213,David Cruz,adrienne66@johnson-alexander.com,001-576-590-0199x773,"333 Virginia Common
East Taylor, WA 70663",79
C0214,Brandi Jimenez,mariaburns@richards.biz,001-780-430-3584x065,"2224 Holland Hill Suite 322
North Shannonfort, SD 84881",383
C0215,Lisa Johnson,darrylmoore@yahoo.com,001-333-509-1013x591,"6314 Eric Tunnel Suite 179
Frazierton, MI 04092",497
C0216,Katherine Parker,maryevans@yahoo.com,+1-643-277-7391,"13267 Chris Turnpike
Torresside, SC 77936",495
C0217,Kristi Martin,deborah11@sanchez-williams.org,001-882-159-2146x43213,"7923 Villanueva Court Suite 216
Port Timothyfurt, SC 07358",443
C0218,Rhonda Mclaughlin,vunderwood@scott.com,+1-344-012-8742x1139,"219 Barker Shore
East Mark, NE 31181",358
C0219,Michele Miller,stephaniesantos@sanchez.com,332.737.9715x68206,"32385 Smith Ridge Suite 345
Dodsonbury, AK 11059",277
C0220,James Lee,carlosramirez@dean-ray.com,+1-992-926-5883x3539,"45007 Donaldson Stravenue Suite 369
Douglasport, MN 09928",186
C0221,Eddie Acevedo,ericksondonald@yahoo.com,069.708.5352x0571,"598 Stacy Light
North Rebeccaborough, FL 49784",306
C0222,Ethan Burgess,marvin66@terrell.com,+1-964-982-3071,"3362 Nicholas Centers
Port Shelleyfort, HI 74486",221
C0223,Scott Barnett,watkinsdouglas@lewis.com,001-374-944-0954x109,"24784 Michael Walks Suite 811
South Daniellehaven, IN 08096",228
C0224,Courtney Cooper,jenniferbaldwin@hotmail.com,7021044111,"8494 Kimberly Shore Apt. 224
West Ashleychester, AZ 21809",88
C0225,Alan Berry,kennethwallace@hotmail.com,990.559.9708,"795 Douglas Viaduct Suite 230
Jamesside, NY 37680",476
C0226,Mark Gomez,laurengreen@yahoo.com,+1-976-490-3555x26360,"34328 Jorge Neck
Larsonmouth, RI 90285",406
C0227,Antonio Allen Jr.,dustin06@west.net,4983429064,"441 Fletcher Avenue
Kaneburgh, IN 20801",299
C0228,Erin Nicholson,kcarr@hotmail.com,009.279.2395,"66553 Carter Estates Apt. 167
East Matthew, FL 48427",374
C0229,Matthew Taylor,maryadams@zimmerman-gonzalez.info,681-873-4405x9494,"3370 Douglas Junctions
Port Nathanville, VA 83977",337
C0230,Joann Thomas,fanderson@yahoo.com,458.446.7116,"7730 Myers Viaduct
Garciachester, TN 12725",212
C0231,Matthew Chandler,clarkjose@valencia.com,234.587.7963,"630 Stanton Port
West Joseph, AZ 10648",408
C0232,Jennifer Smith,markchan@gmail.com,001-875-139-7491x00138,"67006 Lewis Circles
New Amandaview, NH 57278",141
C0233,Kimberly Ballard,michaelle@alexander-mcdaniel.com,(581)174-7704x88759,"0606 Brian Forks Suite 304
Lake Jeffreybury, OH 48657",451
C0234,Dr. Olivia Cunningham,lortiz@gmail.com,283.079.3393x0416,"500 Cassidy Grove Suite 682
Ortizport, KS 03401",21
C0235,Troy Jackson,aanderson@trevino.biz,652-967-2623x05771,"55757 White Station Suite 542
New Anna, MT 02727",234
C0236,Lisa Stanley,sbrown@jackson.com,+1-549-240-3844x31718,"2383 Kennedy Rapids
Andersonchester, CA 68887",491
C0237,Melissa Miller,aaronmorgan@chavez-gonzalez.com,524.810.3358x2553,"8852 Murphy Stream Apt. 701
Vanessaton, MO 95934",366
C0238,Ronald Thompson,amy76@gmail.com,380-644-6410x0923,"168 Rodriguez Light
South Charles, OR 55483",143
C0239,Tina Kemp,rodriguezjenny@gardner-mason.com,+1-082-994-2297,"Unit 5368 Box 6313
DPO AA 00946",251
C0240,Sara Hoffman,gardnerkeith@sanchez.com,7948351332,"6876 Shannon Islands Suite 298
Port Destiny, CA 50675",404
C0241,Jessica Hancock,gabrielscott@hotmail.com,(487)474-3532,"34622 Frank Creek Apt. 457
New Christopher, IL 55805",430
C0242,Mark Mckinney,kbush@castro.com,728.366.4354x726,"98961 Jeremy Mews Suite 042
Higginsfort, HI 15556",48
C0243,Amanda Peterson,christopher63@cummings-perez.org,(763)904-9807x9069,"8694 Kelly Locks Suite 048
New Melissaview, AR 94594",341
C0244,Jamie Garrett,ronalddrake@hotmail.com,+1-200-942-1045x046,"995 Tammy Pike
East Joel, MD 34526",136
C0245,Kathleen Howard,justinpalmer@yahoo.com,665-332-9765,"39526 Jones Rue Suite 518
Anthonyside, SD 61772",284
C0246,Judith Romero,melvin22@gmail.com,829.147.9124x838,"0026 Lisa Creek Apt. 366
West Katiehaven, ND 74580",74
C0247,Paul Morgan,dawn57@hotmail.com,695-157-0122x44232,"70936 White Meadow Suite 077
Lake Anthonyshire, WA 92157",190
C0248,Terry Smith,andrewgarcia@hotmail.com,(583)390-8387x526,"7526 Beard Centers Suite 509
Reidmouth, CT 20544",91
C0249,Donna Harrison,lisabean@rivera.info,737.864.3187x6945,"9305 Dale Squares
Karenhaven, AZ 71535",324
C0250,Joseph Arnold,alexander93@gmail.com,123-782-0728,"PSC 6459, Box 6112
APO AA 80235",311
C0251,Amanda Foster,donnaball@hotmail.com,001-720-323-9055x7459,"1814 Laura Village
Hernandezbury, HI 16399",457
C0252,Gregory Williams,jared60@hotmail.com,514-617-9595x61102,"806 Rodriguez Vista Apt. 251
East Natasha, MA 73491",21
C0253,Zachary King,jocelyn03@hotmail.com,+1-953-018-1466,"7001 Adams Ports Suite 691
Tammybury, LA 57228",178
C0254,Michele Hickman,gcole@hotmail.com,570-345-6501x1059,"77253 Wilkinson Islands Suite 544
Foxfort, UT 44840",63
C0255,Pamela Farmer DDS,haaschristopher@yahoo.com,(049)493-8583,"004 Jeff Points
Port Gregory, NC 45354",486
C0256,Ruben King,sharrington@hotmail.com,297.621.4655,"5774 Johnson Burg Apt. 853
South Phillip, MO 88966",459
C0257,William Ballard,todd68@burton.com,653-062-5123x8274,"32936 Maria Coves
Thomasport, GA 19316",281
C0258,Dana Craig,raymondsummers@yahoo.com,001-077-828-6199,"5441 Lee Bypass
East Stephaniebury, CO 35889",394
C0259,Sheri Martin,tkelley@yahoo.com,768.583.0049,"PSC 8260, Box 8327
APO AE 19073",222
C0260,Brittany Mathis,benjamin77@jones-perez.com,(233)969-8220x3190,"7558 Sara Plaza Apt. 362
South Benjamin, OK 53686",386
C0261,Lauren Williams,vjohnson@white.com,911.033.2356,"066 Brown Forest
Barnestown, IN 17495",421
C0262,Gregory Carter,sherryjohnson@mayo.biz,615.915.6185x01044,"15101 Larry Mountains
East Emily, PA 90186",413
C0263,Johnny Powell,keithalexander@hotmail.com,001-021-554-2763x311,"9871 David Gateway
Zacharyview, NE 28130",413
C0264,Christopher Kramer,timothyhuang@guerrero.com,(279)878-8201x07235,"0258 Christian Trail Apt. 304
New Ashley, ID 47412",112
C0265,Jessica Peterson,peter94@yahoo.com,001-018-842-4561,"USS Miller
FPO AP 96150",394
C0266,Nathan Browning,browndebra@yahoo.com,001-604-846-9574x0072,"001 Jeffrey Curve Apt. 520
New Nathanside, DC 83527",460
C0267,Mary Scott,jschultz@gray.biz,034-318-3384,"300 Henry Centers Apt. 685
Finleyburgh, ID 68389",327
C0268,Andrea Boyle,nortonchristopher@phillips.com,(477)996-3303x52430,"117 Andrew Drives
Port Johnny, IN 62621",261
C0269,Ronald Moreno,moorebrittney@harrison.org,+1-668-532-4120,"2160 Hall Circle Apt. 619
Wagnershire, MN 42019",263
C0270,Mark Riley,mezaann@jones.org,021-811-0126x94071,"035 Estrada Plaza
Morganburgh, WV 77852",7
C0271,Lynn Daniels,lorimichael@miller-wells.info,998.803.2097,"65655 Smith Canyon Suite 986
East Joe, IL 93302",499
C0272,Jeffrey Collins,taylornathan@dixon-miller.net,499-289-6512x182,"7464 Kim Keys
Port Alyssaview, CO 80421",176
C0273,Richard Weiss,clintonmoody@kemp-rice.com,209.043.1447x7349,"8884 Hart Cliff Suite 147
East Stephanie, TX 44504",4
C0274,David Rose,john12@hotmail.com,+1-674-739-8616,"339 Hernandez Creek Apt. 191
East Travisview, AZ 79378",282
C0275,Gordon Thornton,jill58@yahoo.com,(315)930-8106x5335,"94499 Li Roads
North Melissa, VA 50100",150
C0276,Charles Smith,smithjonathan@schwartz.com,(107)644-6946x92201,"363 Kayla Coves
Silvaborough, SC 85315",243
C0277,Rachel Miles,restrada@yahoo.com,(059)587-6360,"615 Lisa Burg Apt. 210
Dyerchester, WV 73035",154
C0278,Janet Marshall,jacksondiane@morris.info,(867)996-9499x124,"19697 Short Crest
Michaelburgh, WI 02835",121
C0279,Thomas Fields,manuel19@vaughn.com,(898)642-9146,"98317 Atkinson Fort Apt. 834
Lauriemouth, DE 26793",52
C0280,Paige Yoder,cgrant@hotmail.com,690-738-4309x8416,"167 Donald Ferry Apt. 879
Seantown, OK 54585",108
C0281,William Moore,phillipburch@yahoo.com,001-565-963-5001x9861,"487 Ryan Skyway Suite 695
Lake Curtis, NH 20278",223
C0282,Henry Graves,samanthawilliams@yahoo.com,(535)555-2551x45442,"68361 Stephanie Mall
Alvarezshire, NE 83164",127
C0283,Nicolas Duncan,deborah04@rios.com,(963)913-4724x24003,"11084 Brian Cape
Sandratown, TX 24373",182
C0284,Cody Chang,sara81@gmail.com,(517)042-7335x114,"694 Keith Mountain Apt. 706
Rodriguezmouth, NJ 39953",414
C0285,Kenneth Young,monicabishop@gmail.com,746.598.2112x6418,"Unit 9021 Box 3732
DPO AA 67658",400
C0286,Sharon Jacobson,lisa04@gmail.com,001-482-763-5445,"USCGC Brown
FPO AA 65472",284
C0287,Ashlee Lopez,markwu@aguilar.com,(431)466-5711,"8409 Wright Prairie Apt. 862
Chandlermouth, MN 82376",339
C0288,Austin Simmons,qliu@watkins-nixon.com,+1-327-395-4020,"595 Hernandez Road Apt. 906
South Annehaven, NE 50695",408
C0289,Dillon Kim,wisealvin@yahoo.com,001-574-945-2094x207,"570 Stein Court
South Kimberlyfurt, OK 42382",264
C0290,Heather Murphy,obooth@becker.biz,167.107.6342x977,"1865 Sarah Rest
Riveraland, OH 01518",132
C0291,Johnathan Farmer,christinasnyder@martin-shelton.biz,568-477-7594,"870 Jesus Mill
North Brandonview, MS 54620",48
C0292,James Graham,johnnyhaynes@gmail.com,111-367-1970,"0327 Olson Shores
South Matthew, WA 93355",403
C0293,Megan Terry,rhonda21@wright.com,+1-226-852-5237,"731 Bowers Divide
Kingside, WV 02064",428
C0294,Lauren Gomez,amanda67@yahoo.com,(215)271-2501x4442,"7970 Chase Mission Apt. 562
East Haley, VA 86377",303
C0295,Kristy Ramirez,catherine44@mitchell.net,001-367-804-6914,"4630 Mary Track
North Barbaramouth, PA 25188",285
C0296,Jennifer Mccall,pnelson@bowen-sanford.biz,(886)441-7347x030,"USS Baker
FPO AE 86990",120
C0297,Brad Hancock,jennifer00@shelton-price.net,056-240-1147,"40494 Brandy Corner
Jenkinsfort, MN 78067",333
C0298,Benjamin Love,jwarren@hotmail.com,264-546-6984x9763,"192 David Roads Apt. 286
South Gary, FL 81469",417
C0299,Kaitlin Edwards,lindafischer@hotmail.com,001-274-219-2244x415,"8894 Danielle Squares Apt. 996
Pattonview, SC 88931",112
C0300,Tiffany Johnson,kylejones@gmail.com,031-958-0497,"156 James Union Suite 095
Williambury, FL 91998",92
